﻿{
  "total" : 5,
  "rows" : [ {
    "id" : 1,
    "title" : "999感冒灵爱呀幸福男女",
    "content" : "999感冒灵独家冠名腾讯视频《爱呀，幸福男女》，借力“爱呀幸福男女”强大明星阵容，倾听明星“幸福感言”，上线三个月，视频播放量超7770万。并利用腾讯视频V+营销策略，携手腾讯微信，腾讯微博，QQ农场打造 “幸福圆梦”网络活动全面承载999感冒灵“有你的温暖，感冒也是幸福的”深厚品牌关爱，引发全球华人幸福共鸣。",
    "img" : "1.jpg",
    "url" : "链接",
    "owner" : "广告主",
    "tag" : "it"
  }, {
    "id" : 2,
    "title" : "多芬《秀发微教室》",
    "content" : "深度合作，定制3期“秀发微课堂”，帮助受众解决秀发困扰，告别蒲公英发质。 从明星，专家，达人，特邀体验者，不同人物不同角度出发，软性推介产品，覆盖不同人群。视频中给予产品特写，加深记忆度",
    "img" : "2.jpg",
    "url" : "链接",
    "owner" : "广告主",
    "tag" : "it"
  },{
    "id" : 3,
    "title" : "新桑塔纳行动真力量",
    "content" : "通过情感影响受众，以“真情”为主题，做为链接新桑塔纳和受众之间的纽带，并借助腾讯微博和腾讯视频，保障传播和情感体现，加强了活动的厚度和广度。",
    "img" : "3.jpg",
    "url" : "链接",
    "owner" : "广告主",
    "tag" : "it"
  },{
    "id" : 4,
    "title" : "“我的色彩我的电影梦”",
    "content" : "一次多元化的跨界合作，联想、腾讯视频、川制作、九分钟电影组委会联合呈现，名导陆川鼎力支持，以联想七大色彩为主题，展开全民微电影制造大赛，帮助年轻人实现电影梦想，同时传递联想Z480色彩精神。",
    "img" : "4.jpg",
    "url" : "链接",
    "owner" : "广告主",
    "tag" : "it"
  },{
    "id" : 5,
    "title" : "金冠《笑傲江湖》大剧冠名",
    "content" : "社会化大剧营销让金冠新TVC及新包装赚得最大化曝光",
    "img" : "5.jpg",
    "url" : "链接",
    "owner" : "广告主",
    "tag" : "it"
  }

 ]
}
